uuid,code,vorname,name,regionalverband
ec57768c-67ec-457b-994d-4da75dc005c0,CODE001,Vorname1,Nachname1,Berlin
bba94132-ca27-47fe-8861-8f8695f3bb5d,CODE002,Vorname2,Nachname2,Berlin
c5267a6b-f7cc-466f-bc6b-90d8190ee1cb,CODE003,Vorname3,Nachname3,MOL
7935b5e6-7520-4c2a-8fe1-38bb324608fa,CODE004,Vorname4,Nachname4,OPR
c82a9f86-5072-411b-a74b-021813bd32bb,CODE005,Vorname5,Nachname5,BRB
fe50cbf6-5688-409f-839b-8a1e20f4d9c5,CODE006,Vorname6,Nachname6,Berlin
6d3b2d7f-aad9-4192-acf6-9ecc9d9e56b8,CODE007,Vorname7,Nachname7,Oberhavel
c48094f4-ee55-4ef0-8854-963557ae6cf7,CODE008,Vorname8,Nachname8,BRB
63058b90-1626-458f-b37d-6af13b894b66,CODE009,Vorname9,Nachname9,MOL
31ea0a50-f2b6-45c5-9900-1bddcf77d5a9,CODE010,Vorname10,Nachname10,BRB
655d434b-7e90-4db8-b2aa-f23b54b7a508,CODE011,Vorname11,Nachname11,Barnim
8fe1ca22-7449-4b24-b3c7-f8ae83b52c04,CODE012,Vorname12,Nachname12,HRO
6c34de10-b3a3-41b2-897a-b59f09a357e6,CODE013,Vorname13,Nachname13,HRO
acbea0f4-a5b3-48d6-a822-103f715bc198,CODE014,Vorname14,Nachname14,Barnim
b1b80df4-a7fd-4fb1-92bf-a4ed79bd6a81,CODE015,Vorname15,Nachname15,Berlin
defdc7cc-4a25-4d16-a645-8417c39bb3fa,CODE016,Vorname16,Nachname16,OPR
1560c9e2-9d99-4a41-ba3f-787267d618cd,CODE017,Vorname17,Nachname17,MOL
1bea8962-a169-495d-84fb-833eec532099,CODE018,Vorname18,Nachname18,Berlin
c4add844-ff09-43b5-a1d9-b4d8dd1bd609,CODE019,Vorname19,Nachname19,Berlin
3034a759-9330-425c-bce2-65d08497f748,CODE020,Vorname20,Nachname20,BRB
e478d2d8-cdec-472f-bb53-4a64a486f578,CODE021,Vorname21,Nachname21,Berlin
b4c87d59-14cb-424a-bf19-2529944002b5,CODE022,Vorname22,Nachname22,Berlin
644b8dd6-a441-4bd9-8604-18d4e3a189f4,CODE023,Vorname23,Nachname23,OPR
6b2205ca-c0c4-44f1-8f75-86eda016e2b9,CODE024,Vorname24,Nachname24,MOL
ab456644-1736-4fec-a285-4794a22985f5,CODE025,Vorname25,Nachname25,Barnim
9e29ba8a-8a50-4326-b515-afe750ddfd82,CODE026,Vorname26,Nachname26,OPR
1ee3faa3-5543-4f7f-bc3e-6072aa048026,CODE027,Vorname27,Nachname27,Barnim
a7e1780c-e4fb-464c-9c9e-ef13b6dd68b1,CODE028,Vorname28,Nachname28,Berlin
1c50b7d7-7d04-4ec0-8f21-bb25e0047157,CODE029,Vorname29,Nachname29,OPR
c89b9b9f-994b-4f5f-afd4-acf1e2f4a1f5,CODE030,Vorname30,Nachname30,BRB
937c1cfe-90d1-4297-b78f-cb0d277bd172,CODE031,Vorname31,Nachname31,HRO
bc592899-efc8-4be1-8015-31c134f3cad2,CODE032,Vorname32,Nachname32,MOL
c7d8e711-4ace-4704-877a-87de54b01575,CODE033,Vorname33,Nachname33,HRO
0c7f1233-25e2-4506-bd9f-8872ca63e2b5,CODE034,Vorname34,Nachname34,HRO
82098d03-4931-4580-b6ea-f2b587e38d4e,CODE035,Vorname35,Nachname35,HRO
2fba5351-613a-41d3-b2f0-3c96510db759,CODE036,Vorname36,Nachname36,Oberhavel
c8a2e2be-2809-4070-8926-4a64fa1cb971,CODE037,Vorname37,Nachname37,Oberhavel
6bde5586-1747-45d1-89eb-f240303f9593,CODE038,Vorname38,Nachname38,Berlin
05a91283-a1b6-4638-9a06-16b21cf4f59d,CODE039,Vorname39,Nachname39,Oberhavel
f97a0c2d-8f7d-490f-97a0-4c0fb48d1b15,CODE040,Vorname40,Nachname40,BRB
df265449-fdcf-4f99-9912-49c2712c0dde,CODE041,Vorname41,Nachname41,Barnim
66bac9e1-e914-4060-9b3a-cc0d82fef29a,CODE042,Vorname42,Nachname42,OPR
34f626e9-3965-4982-b37d-153aaeb148f5,CODE043,Vorname43,Nachname43,Berlin
d8beca85-52cd-4027-a143-fc1978c09bf5,CODE044,Vorname44,Nachname44,Barnim
b6d4ee06-c023-4282-9845-ddbf9d70d9b9,CODE045,Vorname45,Nachname45,OPR
ddcdb78f-4335-41ee-aa60-a69eb67fab24,CODE046,Vorname46,Nachname46,BRB
be236fa5-4eb0-4c7b-acb9-33f9f61d4b4b,CODE047,Vorname47,Nachname47,Berlin
4b5dc124-fb3c-466d-b64d-0336818d5bce,CODE048,Vorname48,Nachname48,MOL
d46fb05f-1038-44a5-8013-aa82158081d6,CODE049,Vorname49,Nachname49,HRO
5a8bfa8a-9f97-4d35-8c5e-58626e792f79,CODE050,Vorname50,Nachname50,MOL
740333f3-78ed-48dd-a0b3-3ce2bc39f39d,CODE051,Vorname51,Nachname51,Barnim
1f0636f2-303f-481f-ad4f-b075762b4767,CODE052,Vorname52,Nachname52,Berlin
92a67aab-bcb2-4daa-87d2-b513d5b28ade,CODE053,Vorname53,Nachname53,OPR
6ebad39f-0827-4562-a1d9-44ecf21100b8,CODE054,Vorname54,Nachname54,MOL
77a9e2ae-1dd0-43c5-aac3-9151b59ed45a,CODE055,Vorname55,Nachname55,OPR
a131b4db-5773-40b8-95d6-f9feb411ca9d,CODE056,Vorname56,Nachname56,Oberhavel
995571d5-a92a-4910-bd87-9c2764f5c1c9,CODE057,Vorname57,Nachname57,MOL
e3b84425-515a-4e21-bce8-78af681609a2,CODE058,Vorname58,Nachname58,MOL
15541438-6b49-445f-bad5-b12ff19d418a,CODE059,Vorname59,Nachname59,Berlin
4d25302e-0a2c-419d-970c-0e3da464aebc,CODE060,Vorname60,Nachname60,BRB
39a158b2-d0ef-4841-85de-ad5e3e0d84f4,CODE061,Vorname61,Nachname61,Barnim
fa473e88-2bc7-4ea1-9c29-67cd8034fc2f,CODE062,Vorname62,Nachname62,Oberhavel
ea56add0-628f-49c4-8f63-841cfb7c596e,CODE063,Vorname63,Nachname63,Berlin
12cccf2f-44da-4fc6-a34b-37f3daddeea8,CODE064,Vorname64,Nachname64,HRO
28a1d71f-6feb-4c92-8692-5689f4d72ba0,CODE065,Vorname65,Nachname65,MOL
df2e4a01-bf3f-4951-ad37-e770402e605e,CODE066,Vorname66,Nachname66,HRO
0eccfc26-4e45-4a66-827b-dbc5d2bc27f2,CODE067,Vorname67,Nachname67,OPR
8de0d90a-1719-4917-9432-47dbeb28e630,CODE068,Vorname68,Nachname68,Barnim
791eefc0-10f6-4757-b308-a62ff5ed99f6,CODE069,Vorname69,Nachname69,Oberhavel
ec4371ca-0350-4b9e-a96b-60564eced9e1,CODE070,Vorname70,Nachname70,BRB
1b411f4f-df7a-4d1e-a8f4-db288f9ce3c7,CODE071,Vorname71,Nachname71,HRO
abdeccac-e673-4703-b980-7b31586977f8,CODE072,Vorname72,Nachname72,OPR
a5756b17-58a3-4af0-b7b9-865182f39659,CODE073,Vorname73,Nachname73,MOL
a31107fc-4434-4949-9e3d-c3afd4c3a545,CODE074,Vorname74,Nachname74,OPR
f8b8623c-ebe8-4a2f-92f5-c0eee47d0fb1,CODE075,Vorname75,Nachname75,Barnim
7b5006d8-d1de-4069-b0da-8f1715cd99c3,CODE076,Vorname76,Nachname76,Barnim
d7a5e9c2-25e8-4e74-957c-82888448a125,CODE077,Vorname77,Nachname77,Berlin
fc7a8187-1548-43d2-a6cd-49b7b5d6b2d8,CODE078,Vorname78,Nachname78,BRB
1bcce146-7bd3-444a-b269-93d93641eb57,CODE079,Vorname79,Nachname79,Oberhavel
fd190053-be68-43b4-9072-2fb48c06e8c8,CODE080,Vorname80,Nachname80,OPR
a2975174-7a3b-49d1-8975-8c1a1525f664,CODE081,Vorname81,Nachname81,HRO
92bb7f13-5ca5-484c-9aaa-e8845ad5c1e2,CODE082,Vorname82,Nachname82,Berlin
67ffb269-9e39-43f5-a264-c35d5687a47c,CODE083,Vorname83,Nachname83,MOL
21b632d6-9c08-46f7-a215-347850215f3a,CODE084,Vorname84,Nachname84,Berlin
9dbfed4b-145c-47ce-a7fb-b014b3d6b22b,CODE085,Vorname85,Nachname85,MOL
9229fe2d-bb60-4e74-9f8c-c44b360aa93b,CODE086,Vorname86,Nachname86,OPR
772c3ef5-0089-472f-8f51-dc4967f9f95c,CODE087,Vorname87,Nachname87,MOL
d9ce93cc-d8f1-4696-95e3-beb065af7117,CODE088,Vorname88,Nachname88,Berlin
954f5a91-64fe-408b-b54c-329165d7aaa2,CODE089,Vorname89,Nachname89,Oberhavel
ebbf3b9d-62ab-4e53-bf0f-4278a9938604,CODE090,Vorname90,Nachname90,Oberhavel
befaaae6-ec31-45e4-b84d-5fc13351deae,CODE091,Vorname91,Nachname91,MOL
1fd719b0-2b1b-413e-b8d0-e806a6b20b44,CODE092,Vorname92,Nachname92,BRB
0c13f648-7602-40a1-8c31-04dc872217c0,CODE093,Vorname93,Nachname93,HRO
62caecd9-5836-45c1-81b8-0b44eb1a1e33,CODE094,Vorname94,Nachname94,Barnim
546d6e8a-e6f0-4bf2-9b2d-e91aeab92ad9,CODE095,Vorname95,Nachname95,Berlin
9d7df5e1-1bc8-4f2c-a952-49a67e930dda,CODE096,Vorname96,Nachname96,Oberhavel
38fcef6a-5a82-43fe-b2ce-159bc7690952,CODE097,Vorname97,Nachname97,Barnim
2393e4ea-62be-4b23-b536-34c483f74615,CODE098,Vorname98,Nachname98,Barnim
327b1df1-2e56-41cd-a021-880a45991c7a,CODE099,Vorname99,Nachname99,Berlin
fe2a4af4-fa07-4d21-9477-45573a1a3d2f,CODE100,Vorname100,Nachname100,Berlin
515e60a7-9cd5-4c2e-a35e-c3c5b53c097f,CODE101,Vorname101,Nachname101,HRO
8e3bcb89-d3dd-4648-91a7-2fff225f4e99,CODE102,Vorname102,Nachname102,Oberhavel
1e2e4f2d-311f-45da-b9b8-f12d5676b912,CODE103,Vorname103,Nachname103,BRB
a5bb0815-bc7a-4050-aa9b-dc067a237044,CODE104,Vorname104,Nachname104,Berlin
8240cb0a-0baf-47bd-ade4-52bac34d8421,CODE105,Vorname105,Nachname105,Oberhavel
fb6f371a-5033-4486-8906-15fa3db8776e,CODE106,Vorname106,Nachname106,Berlin
c64c1a5c-2fbf-49db-89b2-289dbb117728,CODE107,Vorname107,Nachname107,Barnim
d86bc47d-ddf7-43d1-8026-943d8ab7b661,CODE108,Vorname108,Nachname108,BRB
6a76108f-b941-4bfb-addd-e9a4e64dbfd8,CODE109,Vorname109,Nachname109,HRO
a3287a83-fc53-4a9e-a274-2b1bf14e4f09,CODE110,Vorname110,Nachname110,Barnim
c55b5441-2eb7-42a4-95ca-b1e4d5316afa,CODE111,Vorname111,Nachname111,BRB
6536e16a-2025-4530-9522-0c9e136eaaad,CODE112,Vorname112,Nachname112,Berlin
acf363bb-023d-42b8-ab91-d72b074b662d,CODE113,Vorname113,Nachname113,Berlin
f1729b22-7c63-42e6-9f6f-f8c5fbb55952,CODE114,Vorname114,Nachname114,Barnim
096b5cc3-2d20-4208-b3e7-1ae3dfa4af7e,CODE115,Vorname115,Nachname115,HRO
2c858b85-35ca-4da1-9e07-59ac1060491b,CODE116,Vorname116,Nachname116,MOL
608ea7a4-e882-49f0-b413-b1f6f2bae581,CODE117,Vorname117,Nachname117,Barnim
66dddd13-6ad0-4306-8892-80bf7074b51f,CODE118,Vorname118,Nachname118,Barnim
dcde82e4-7c16-40b5-b362-479f42fa0db4,CODE119,Vorname119,Nachname119,MOL
77a1cf60-a672-429e-a6b2-3e6573b35ef7,CODE120,Vorname120,Nachname120,OPR
f8ae90c5-c119-4779-9130-3cc49718d75e,CODE121,Vorname121,Nachname121,Oberhavel
bd8624b8-e0c6-4189-9c22-bdd48a3cc6ec,CODE122,Vorname122,Nachname122,MOL
c6cea710-4509-46ec-a593-0c9eaf3d42d7,CODE123,Vorname123,Nachname123,Berlin
f9a6dc2f-a59c-4111-86ae-c2f5c82acdf6,CODE124,Vorname124,Nachname124,Barnim
3876d004-abbd-4442-9b22-7eee83d8d31f,CODE125,Vorname125,Nachname125,MOL
9dbe4897-81d7-4f79-969c-a0c6b641cc5f,CODE126,Vorname126,Nachname126,OPR
dd36fa3f-3127-4cc1-8507-6fdfec3bb277,CODE127,Vorname127,Nachname127,Oberhavel
d2a0d6c7-2ed7-4a59-842e-c1ea5fc415da,CODE128,Vorname128,Nachname128,MOL
2e8f004f-0f25-4391-bf0e-299c0d7f9841,CODE129,Vorname129,Nachname129,Barnim
5317185c-2fc8-4ada-8eec-c68dc7ec8c42,CODE130,Vorname130,Nachname130,OPR
361b4d48-e7d4-4e10-875d-a0da591c7d91,CODE131,Vorname131,Nachname131,HRO
7e6dbcea-da00-4c31-8a01-d634094017d3,CODE132,Vorname132,Nachname132,MOL
7d463114-4157-43c0-977d-d9739b62ba14,CODE133,Vorname133,Nachname133,HRO
fcefca5a-ac88-4258-abbc-6b1e151a3f90,CODE134,Vorname134,Nachname134,MOL
224ace22-a4f5-40f8-beab-486bada5e019,CODE135,Vorname135,Nachname135,MOL
b5ee0f75-463e-4e20-b0a5-f4ebf1bb3410,CODE136,Vorname136,Nachname136,BRB
56d7a06c-9d6f-44f3-9664-f1ffb3540b76,CODE137,Vorname137,Nachname137,BRB
1e70d923-0a82-4f20-9d27-bc3a5fa7f65f,CODE138,Vorname138,Nachname138,MOL
d62dad58-7f8d-4f92-9ed7-9ff1cc42a922,CODE139,Vorname139,Nachname139,HRO
0644ef6f-494e-4b94-a202-d8891ab5cb60,CODE140,Vorname140,Nachname140,MOL
5c1e062e-2765-4b42-8dbe-def04c4236ec,CODE141,Vorname141,Nachname141,OPR
816ceaee-1044-4217-8b9c-bea43faab1e3,CODE142,Vorname142,Nachname142,OPR
cac3bd57-f824-4ccf-8694-5ce64d30b9d2,CODE143,Vorname143,Nachname143,Oberhavel
098f3d9a-fe73-4f85-98c1-bbc6b74b5db0,CODE144,Vorname144,Nachname144,BRB
70dfce23-4ad5-4752-b3d1-2757c3f1d6b5,CODE145,Vorname145,Nachname145,Berlin
693fd1db-dc7f-40cd-9c42-b776c00f5603,CODE146,Vorname146,Nachname146,Berlin
42be7b27-f470-4bc7-acd6-56e9b65675c1,CODE147,Vorname147,Nachname147,Barnim
21ec96e9-b4e8-4fbc-a327-0aebad4ecc9d,CODE148,Vorname148,Nachname148,Berlin
f0cf97ed-3dde-43d8-ba36-4ab8359491cf,CODE149,Vorname149,Nachname149,Barnim
105764d5-d43b-4059-80e0-99a72aaded99,CODE150,Vorname150,Nachname150,BRB
20b1f59f-2b95-4680-864c-55a8023c22ab,CODE151,Vorname151,Nachname151,MOL
11587bf7-a3aa-4ce7-bfdf-7b2be0938bae,CODE152,Vorname152,Nachname152,OPR
9b5751f1-ab83-4c0c-aae1-f1445448961d,CODE153,Vorname153,Nachname153,OPR
bd1fe02f-5ba1-4b18-8b01-483d922650f4,CODE154,Vorname154,Nachname154,OPR
143c9538-6896-4ce4-9b4f-cedca1ed90c3,CODE155,Vorname155,Nachname155,OPR
32f9f736-7c67-49ec-bd0c-75ba3155163a,CODE156,Vorname156,Nachname156,Berlin
558b3994-3529-4f61-8cc5-016086fcb10c,CODE157,Vorname157,Nachname157,MOL
5713dd51-73d0-4a80-87ec-b621847a7842,CODE158,Vorname158,Nachname158,BRB
a8d4095d-cda6-4d6c-b53f-fd74c85d5b44,CODE159,Vorname159,Nachname159,OPR
8e0697aa-1630-4e18-a4aa-2e40c332c9bf,CODE160,Vorname160,Nachname160,Berlin
945e0012-9cdb-4c66-b29c-17951510d027,CODE161,Vorname161,Nachname161,MOL
a8f3b333-9940-4576-9bc3-19ec2fffff34,CODE162,Vorname162,Nachname162,BRB
8643342b-0650-4a08-ba01-bd4695d4f5e7,CODE163,Vorname163,Nachname163,Oberhavel
4211ee72-2504-4ac3-b6d0-e3295ea8ef90,CODE164,Vorname164,Nachname164,Oberhavel
a6b3b2ff-83c2-4d93-ada8-4126f62c9bd6,CODE165,Vorname165,Nachname165,BRB
d8ffe88f-c07e-41bc-9fe6-f60767f42249,CODE166,Vorname166,Nachname166,OPR
9682f00f-a362-4dcb-866f-78e0224db68c,CODE167,Vorname167,Nachname167,OPR
669dfea7-11bf-4bc6-855b-f861a27b233a,CODE168,Vorname168,Nachname168,MOL
84822d0d-e66b-4ffc-beb9-ec05c6db5707,CODE169,Vorname169,Nachname169,Oberhavel
8ceba79e-e2f5-4536-8b0b-cb794f40ff91,CODE170,Vorname170,Nachname170,Berlin
d2f0dcf9-4361-4746-bcf0-e28a2d6510d6,CODE171,Vorname171,Nachname171,HRO
ac45cfe9-04f6-43e6-841e-316eab3860ec,CODE172,Vorname172,Nachname172,MOL
d017bbf5-27af-4291-b20e-343fa4bf5be7,CODE173,Vorname173,Nachname173,OPR
8bc5f5a9-14fa-4f5e-b4e0-fccea72d4e44,CODE174,Vorname174,Nachname174,MOL
f6b0d2e1-d4df-478f-b12e-c686d2858c84,CODE175,Vorname175,Nachname175,OPR
6206b377-e35d-4c66-9e55-3eb5eeaa3092,CODE176,Vorname176,Nachname176,BRB
82112bc4-35a4-4ab6-9229-02ab6ce5cdb5,CODE177,Vorname177,Nachname177,Barnim
da26620f-949a-4ecf-8813-075846e32747,CODE178,Vorname178,Nachname178,MOL
0409e538-5c85-404d-ac3b-ca0c7ff4bf7e,CODE179,Vorname179,Nachname179,Oberhavel
994ac895-5115-47c0-a36c-92ac0bf39852,CODE180,Vorname180,Nachname180,MOL
58be98bb-d47b-47d3-89ec-e37d5c37cbca,CODE181,Vorname181,Nachname181,HRO
0be596ea-4a35-4a61-9da8-17c726625aa7,CODE182,Vorname182,Nachname182,MOL
6f969151-3448-46a1-a9f9-2c8479a44cce,CODE183,Vorname183,Nachname183,MOL
04645504-4abc-4c89-acd6-c423fad09912,CODE184,Vorname184,Nachname184,Barnim
0c56bc92-4213-4d89-b2f3-d7c8d6978b7c,CODE185,Vorname185,Nachname185,BRB
85a45e74-1882-4f31-90c8-8673e02b4317,CODE186,Vorname186,Nachname186,Oberhavel
53ebcd82-1baf-4715-a918-1a949e0bfe59,CODE187,Vorname187,Nachname187,Berlin
30b051c6-c03c-4932-af77-edc533e850d9,CODE188,Vorname188,Nachname188,BRB
cd81c284-eb23-456d-87c6-d2287e1e5b7d,CODE189,Vorname189,Nachname189,Berlin
d3c40fd7-139b-4a2a-9dca-a470cdfcd844,CODE190,Vorname190,Nachname190,OPR
7d6e447f-f246-4e09-8ba0-d3a1d46fc9f3,CODE191,Vorname191,Nachname191,HRO
42578227-6626-4877-aa2a-3fb8bf810840,CODE192,Vorname192,Nachname192,BRB
4841a874-303b-455c-b85d-77cd90bb7df9,CODE193,Vorname193,Nachname193,Berlin
26e5be15-32fd-430f-811c-11463733fa76,CODE194,Vorname194,Nachname194,Barnim
cd7fd2b2-e50e-4e7c-8ae6-d1b695e17ebd,CODE195,Vorname195,Nachname195,Berlin
166383d5-0576-4240-9301-2558eaa90833,CODE196,Vorname196,Nachname196,Barnim
61a7a810-ba9c-4902-9e8b-a9b57371d646,CODE197,Vorname197,Nachname197,Barnim
28275ad8-36db-4404-a693-501b2927943d,CODE198,Vorname198,Nachname198,Berlin
cb32154f-fa47-423b-b9e1-11d86b70fcdc,CODE199,Vorname199,Nachname199,HRO
167fd09b-e485-445b-9bb3-fb10371f216f,CODE200,Vorname200,Nachname200,Berlin
54a9386c-40bf-46f4-b87d-9779b8ce6126,CODE201,Vorname201,Nachname201,BRB
6d4b124f-e30e-4aac-b5e7-178faad75702,CODE202,Vorname202,Nachname202,BRB
6ea62aad-a794-4388-b59a-777eeeb49af3,CODE203,Vorname203,Nachname203,Oberhavel
d590d8bb-2d4d-4863-bed5-49d417f5f4d8,CODE204,Vorname204,Nachname204,MOL
df7910a6-77ad-45f3-9102-9625700f08dd,CODE205,Vorname205,Nachname205,Barnim
3d7fa623-26f7-4493-ab21-9c988c81be37,CODE206,Vorname206,Nachname206,OPR
91897859-524d-43cf-9886-ce0b63d06324,CODE207,Vorname207,Nachname207,Oberhavel
4fb83207-5daf-4e71-9695-b1e0ac639bd7,CODE208,Vorname208,Nachname208,MOL
13e04522-a87b-46be-90b7-190d0a695e29,CODE209,Vorname209,Nachname209,Barnim
9800b488-c7b4-43ed-9905-656a4bdba201,CODE210,Vorname210,Nachname210,MOL
088e1353-97cf-4595-b6fa-d67da46d2487,CODE211,Vorname211,Nachname211,Barnim
3d62a726-4898-4423-94fa-d53da1ca95c2,CODE212,Vorname212,Nachname212,Oberhavel
f2d5c366-fa1e-4b1e-811a-d2689385c40a,CODE213,Vorname213,Nachname213,Oberhavel
5c6b36ca-ac1e-4b26-af60-02d4de73910a,CODE214,Vorname214,Nachname214,Barnim
bf872c3b-5149-49d0-aad1-a7a9d7032578,CODE215,Vorname215,Nachname215,Berlin
851f48f0-88da-4ab2-84e9-043d413a1b47,CODE216,Vorname216,Nachname216,BRB
cd65442f-60a9-455f-8a3d-40cfc41180a8,CODE217,Vorname217,Nachname217,OPR
de9dcf27-9fd8-4db6-856e-2261ba4e6434,CODE218,Vorname218,Nachname218,Berlin
acfc45b3-8c20-4dc7-a1c5-37603eff73e3,CODE219,Vorname219,Nachname219,BRB
5323596d-94ab-4918-80a9-39407e17437e,CODE220,Vorname220,Nachname220,OPR
66d89485-9e11-4eac-8fe0-1a0e7588a931,CODE221,Vorname221,Nachname221,BRB
ff330c57-0957-4c97-8ed1-9d404ee23b7a,CODE222,Vorname222,Nachname222,HRO
69d052b2-6f06-416e-b863-580b162b8ea3,CODE223,Vorname223,Nachname223,Oberhavel
219c0972-0a71-41f4-8acf-2cab3179fb52,CODE224,Vorname224,Nachname224,Barnim
2770a38f-693a-4537-8fa2-5a3a6b352840,CODE225,Vorname225,Nachname225,Berlin
ffa74158-dc92-4178-9b24-34ad3f77337d,CODE226,Vorname226,Nachname226,Berlin
96a59977-6c66-4c24-8c64-9c9544d75993,CODE227,Vorname227,Nachname227,Barnim
f5771c3a-ce1e-4d63-9683-1943ac4b6204,CODE228,Vorname228,Nachname228,Berlin
b67a7544-1537-4156-a07a-286422b89984,CODE229,Vorname229,Nachname229,HRO
95a504ca-eb33-4161-9919-dc01e287c1b3,CODE230,Vorname230,Nachname230,OPR
6067cbf3-6ab4-4ad7-97fa-b58e55de1f54,CODE231,Vorname231,Nachname231,Berlin
cc9f4659-39fa-49b6-bee1-a8aef11e84fe,CODE232,Vorname232,Nachname232,OPR
ec57c222-4908-46ee-8897-40fa84bfe4a9,CODE233,Vorname233,Nachname233,MOL
4ed9267b-00ef-4cde-b3e0-33bdcb8cff71,CODE234,Vorname234,Nachname234,Berlin
55397518-0fe6-45bf-a162-00aa224be86b,CODE235,Vorname235,Nachname235,BRB
dcdc730d-0fc6-4a55-a59f-911ac28a0214,CODE236,Vorname236,Nachname236,Barnim
d0026a4e-f989-4053-8309-34804a6d6922,CODE237,Vorname237,Nachname237,Barnim
c2faf3f4-320b-4343-b726-880fa55b2d49,CODE238,Vorname238,Nachname238,Berlin
1c5287b9-e571-4640-a5b2-29527f53a483,CODE239,Vorname239,Nachname239,HRO
a701b09b-bae5-44f1-ad06-9e53b8a61e85,CODE240,Vorname240,Nachname240,Oberhavel
6c42c329-ea6f-46ba-bd5a-ad6877ea5fc1,CODE241,Vorname241,Nachname241,Barnim
04c27f4d-f6f1-499d-9955-2e7e3b281e92,CODE242,Vorname242,Nachname242,Berlin
9c4c4394-ae52-423d-a655-b93faa8b1ff9,CODE243,Vorname243,Nachname243,Barnim
a8853602-737d-4111-9894-a47a15ff6211,CODE244,Vorname244,Nachname244,OPR
84084ff0-4a5a-47a3-a047-422df9cd1101,CODE245,Vorname245,Nachname245,Oberhavel
5051e62b-f330-422c-a90d-0cd11f254ce6,CODE246,Vorname246,Nachname246,BRB
312b5e4a-15ec-45c4-a7d7-c37db169de81,CODE247,Vorname247,Nachname247,HRO
e8255aac-5384-41da-8598-fcc19b10a5db,CODE248,Vorname248,Nachname248,BRB
f7a56803-53b2-4bdd-86d0-3834196319d1,CODE249,Vorname249,Nachname249,Oberhavel
02f3d5b8-a701-4a1c-91e7-b29226bd25d0,CODE250,Vorname250,Nachname250,Barnim
